{"noiseKey":{"private":{"type":"Buffer","data":"GLV2+48EYuFZZZYGeXMcGHLpBx/7525oW15Rh7pYbX4="},"public":{"type":"Buffer","data":"TiDhIgthbW0L8POzZsZFfK/RU2I7gaSlK+j4I2qO9zQ="}},"pairingEphemeralKeyPair":{"private":{"type":"Buffer","data":"gMQ4IXnGg5z1biNglfWmLSXpoWvmY4IR+Cq0idnFNHk="},"public":{"type":"Buffer","data":"EOygprP0LrOfPZZIKvjcZk4m8eSYExXTtRn9K/Waz2s="}},"signedIdentityKey":{"private":{"type":"Buffer","data":"6DiPgNUoACUWKOjLTPZ3KkXJKAKdUt3rX8NtHR6SC04="},"public":{"type":"Buffer","data":"OQASHwNGOsIVAEv4Zkvmxqrlt8raiGocfyF5CRg9m3k="}},"signedPreKey":{"keyPair":{"private":{"type":"Buffer","data":"4APB6WfnQ9QGRzEq9JIE8OAV9VidtrucIw1kx4HymGM="},"public":{"type":"Buffer","data":"7MD+wp8QUWi6JpLQjPnYg6rEYvN9lqIkbBiU3zT3Aw0="}},"signature":{"type":"Buffer","data":"Lxw/b1qZnNDgW9M2KPKHYDRlVTYy8l/o4g5x0bmMSvzwzGZUrSy/xxFhjFHcCuq0BUHHI04BbOB5wROWbw7NCw=="},"keyId":1},"registrationId":99,"advSecretKey":"LQOXMGep9bYeBOyJw4RZbLD8vASRuiWBHh2yr+CH+e8=","processedHistoryMessages":[],"nextPreKeyId":31,"firstUnuploadedPreKeyId":31,"accountSyncCounter":0,"accountSettings":{"unarchiveChats":false},"deviceId":"xhaDkpT3TAqR58Kgn-URdg","phoneId":"7e96b4e5-6296-4a6d-8a38-09568f998770","identityId":{"type":"Buffer","data":"kiXYM3KZ1cBFXkxWNt5ICTILQIc="},"registered":true,"backupToken":{"type":"Buffer","data":"Ryn3/QK84vXd+eBEQ0VvjKqy3Qg="},"registration":{},"pairingCode":"DRAY1922","me":{"id":"923087060547:22@s.whatsapp.net","name":"𝙎𝙝𝙖𝙃𝙗𝙖𝙕","lid":"82334539845706:22@lid"},"account":{"details":"COS5+LAHENv21sQGGAEgACgA","accountSignatureKey":"yMEy6asFtxFXictJrf9dUlMz+oXYlaUKYbriWA5r6D0=","accountSignature":"1ToEYpnopBjEOKa2jvOn2dizZkmQmf8dhXf/uaAMVrFsgebi8LEDEaj04PFcc8VMyLFBE/gcm8VAi8ZiAU1HBg==","deviceSignature":"Ktma61tuT2dVCCd98TvsVY6tRiZ0k3kMP6POYWMe7+3NZulmBMs5OTJfv22EPo9OuOAZVPMQe1IphMTMQr9JBA=="},"signalIdentities":[{"identifier":{"name":"923087060547:22@s.whatsapp.net","deviceId":0},"identifierKey":{"type":"Buffer","data":"BcjBMumrBbcRV4nLSa3/XVJTM/qF2JWlCmG64lgOa+g9"}}],"platform":"smba","routingInfo":{"type":"Buffer","data":"CAIIDQ=="},"lastAccountSyncTimestamp":1754643294}